Aarons,Abbiss,Abbitt,Abbot,Abbott,Abbs,A'Beckett,Abney,Acheson,Ackland,Ackroyd,A'Court,Adcock,Addams,Addinall,Adkins,Adlard,Adnams,Adshead,Afford,Agar-Ellis,Agnew,Ahlstrom,Aiken,Aikin,Ainsworth,Aitch,Akam,Akehurst,Akroyd,Alabaster,Alaskey,Albertson,Alborough,Alcorn,Alder,Alderman,Aldridge,Allenby,Allingham,Allsebrook,Allum,Allwine,Almond,Altman,Alvey,Ambler,Amory,Andrews,Angell,Annesley,Annon,Anstey,Applebee,Applegate,Appleton,Appleyard,Arch,Ardley,Arkwright,Arliss,Armistead,Armstead,Armstrong,Arrington,Artley,Ashbee,Ashby,Ashdown,Ashfield,Ashford,Ashley-Cooper,Ashworth,Astley,Atherton,Atkin,Atkins,Atkinson,Atlee,Attenborough,Atwater,Atwood,Audsley,Axford,Axon,Axtell,Axton,Aykroyd,Ayles,Aylwin,Ayres,Ayrton,Ayton,Babbage,Babcock,Babington,Badcock,Badley,Bagnall-Oakeley,Bailie,Baily,Baker,Balderson,Baldridge,Ball,Bamford,Bampfylde,Bancroft,Banks,Banner,Barker,Barkley,Barley,Barleycorn,Barlow,Barnard,Barnardiston,Barnet,Barnett,Barns,Barnsley,Barr,Barrow,Barrowcliffe,Barrows,Bartlett,Barwick,Baskerville,Bason,Bass,Batchelor,Bates,Batey,Batley,Battle,Battley,Bawden,Baxendale,Bayes,Bayles,Bayley,Beacham,Beal,Beale,Beard,Beardsley,Beasant,Beasley,Beaton,Beauclerk,Beavers,Becket,Beckinsale,Beckley,Beckwith,Beddington,Bedford,Beeby,Beeching,Beevers,Begley,Belcher,Belk,Bellett,Bellhouse,Bellingham,Bellows,Benge,Benn,Bennet,Bennington,Benstock,Benwell,Berenson,Berkeley,Betham,Bethell,Bewick,Beynon,Bidder,Biden,Biggins,Biggs,Binnington,Birdsong,Birley,Birrell,Birtwistle,Bivens,Black,Blackburn,Blacker,Blackett,Blackett-Ord,Blackham,Blackie,Blackman,Blackmon,Blackmore,Blakeley,Blakesley,Blalock,Blamey,Blanchfield,Bland,Blankenship,Blanton,Bligh,Blight,Blinkhorn,Bloodworth,Bloomer,Bloomfield,Blosil,Bluck,Blue,Blyth,Bollin,Bolton,Bomford,Bond,Bonham,Bonney,Booth,Boothby,Boothe,Booze,Borden,Bostock,Bostridge,Bostwick,Botting,Bottomley,Boulding,Boulton,Bourne,Bovey,Bow,Bowell,Bowers,Bowles,Bowman,Bowyer,Brabin,Bracey,Brackenridge,Brackman,Braddock,Brade,Bragg,Brailsford,Braithwaite,Brambell,Bramble,Bratt,Bray,Brayton,Breckenridge,Breedlove,Brewer,Brewster,Bridgers,Bridges,Brierley,Briggs,Bright,Brightman,Brimson,Brinkley,Bristow,Brittain,Britten,Broady,Brokenshire,Bromfield,Brookes,Broom,Broomfield,Brower,Brown,Browne,Brownlow,Brunton,Bubb,Buckby,Buckler,Buffett,Bulger,Bull,Buller,Bulman,Bunker,Burbidge,Burdon,Burgess,Burks,Burn,Burney,Burnham,Burrage,Burrell,Burridge,Busfield,Bush,Butcher,Butter,Butterfill,Butters,Butts,Byers,Byfield,Byrd,Bywater,Bywaters,Cadman,Caldwell,Calladine,Calnan,Camidge,Campbell-Bannerman,Campion,Canfield,Cannon,Cantrell,Capers,Caple,Capstick,Carden,Carder,Carling,Carmichael,Carnell,Carpenter,Carr-Gomm,Carrington,Cartridge,Cartwright,Carwardine,Catchpole,Catesby,Caton,Cauley,Cawley,Chalmers,Chaloner,Chamberlain,Chancellor,Chanoine,Chapman,Chappell,Charman,Chatfield-Taylor,Cheatham,Cheeseman,Cheever,Cheney,Cherrill,Chichester-Clark,Childers,Chilton,Chinn,Cholmondeley,Chorlton,Church,Churchill,Clapham,Clapton,Clarke,Clarkson,Claxton,Cleese,Clegg,Cleland,Cleverly,Cliburn,Clift,Clopton,Cloud,Clower,Cluett,Clutterbuck,Clutton-Brock,Coates,Coats,Cobb,Cobham,Coburn,Cock,Cockerell,Cockerill,Codling,Coe,Coffin,Cok,Coke,Colbeck,Colborn,Colburn,Coldwell,Colegrove,Collier,Collings,Collingwood,Collymore,Colvin,Combe,Comerford,Conlee,Conly,Constable,Cook,Cooke,Cooling,Coombes,Coombs,Coon,Copeland,Copleston,Coppersmith,Coppinger,Coppock,Corbett,Cotman,Cotton,Coulthard,Coventry,Cowell,Cowells,Cowie,Cowman,Cozens,Crandall,Crawley,Crerar,Crewe,Crier,Crisp,Crittenden,Crockett,Crofford,Crofts,Cromwell,Crosbie,Crosby,Crosfield,Cross,Crossan,Crossley,Crowley,Crowne,Cruise,Cruse,Crutcher,Crutchfield,Cryer,Cuddy,Culver,Cumberbatch,Curling,Currie,Cushing,Cust,Dabney,Dalberg-Acton,Dancy,Danell,Daniell,Danson,Dargie,Davenport,Davidson,Davies,Davison,Dawber,Dawkins,Day,Dearnaley,Delahaye,Deller,Dennell,Dering,Derwin,Dewdney,Dewing,Dickin,Dickinson,Dicks,Dickson,Dilley,Dines,Dingley,Dinn,Dinning,Dinsmore,Disney,Dobb,Dobbs,Dobson,Doctor,Dodge,Dodwell,Donalds,Donaldson,Dorsey,Doust,Dover,Dowd,Dowden,Dowdeswell,Dowding,Dowell,Down,Downer,Downing,Downs,Downward,Dowson,Drinkwater,Driver,Duckworth,Dunham,Dunklee,Dyer,Eady,Eagle,Eagleton,Eakin,Eakins,Earnshaw,Easmon,Eason,Easten,Easterling,Eastwood,Eatman,Eaton,Eaves,Edgerton,Edmed,Edwardes,Egerton,Eidson,Eldridge,Elliston,Ellsworth,Elwes,Emptage,Engineer,England,Engleman,Entwistle,Erickson,Errington,Every,Ewell,Exton,Fairchild,Faithfull,Fanshawe,Farlow,Farmer,Farnham,Farran,Farrar,Farrow,Farthing,Farwell,Fawcett,Fear,Feetham,Fendley,Ferrier,Field,Fielden,Fielding,Fields,Filby,Finch,Findley,Firby,Firestone,Firkins,Fish,Fishlock,Fisk,Fitzsimons,Flake,Flanders,Flatley,Fleck,Fleetwood,Fleming,Flood,Flowers,Foat,Foden,Forbes-Robertson,Forester,Forster,Fowler,Frampton,Franks,Freeland,French,Friese-Greene,Frobisher,Froud,Frye,Fuller,Furley,Gable,Galbraith,Galloway,Galway,Gambin,Gamble,Gardener,Gardiner,Gardner,Garrad,Garrard,Garside,Gascoyne-Cecil,Gaskin,Gates,Gathercole,Gathorne-Hardy,Gayford,Geary,Geddes,Genge,Gerner,Getson,Gibb,Gibbon,Giffen,Gifford,Gilford,Gilliam,Gilligan,Gingell,Glancey,Glancy,Glosson,Glover,Gofton,Goggin,Golds,Goldsmith,Good,Goodburn,Goodfriend,Goodgame,Goodheart,Gooding,Goodman,Goodsell,Goodson,Goodwine,Goodwyn,Gore-Browne,Goring,Gould,Goulding,Gowland,Grainger,Graves,Greathouse,Greaves,Green,Greene,Greenfield,Greengard,Greening,Greenwood,Grist,Groover,Groves,Gulliver,Gundy,Gunton,Gusfield,Guthrie,Gwatkin,Hackett,Hackman,Haddock,Haden,Hadfield,Haigh,Haines,Haldeman,Halley,Hallman,Halman,Halsey,Hamerton,Hamill,Hamm,Hampson,Hampton,Hamshaw,Hancock,Handy,Hanley,Hanshaw,Hanson,Harbison,Harcourt-Vernon,Hardcastle,Harden,Hardiman,Hardwick,Hardwicke,Harewood,Hargrove,Harker,Harman,Harp,Harrell,Harrelson,Harrington,Harris,Harrold,Hart,Hart-Davis,Hartnell,Hartnoll,Hartston,Harvard,Harwood,Hascall,Haseltine,Haskett,Haslam,Hastings,Hatfield,Hathaway,Hather,Hattersley,Hatto,Hatton,Hawdon,Hawk,Hawke,Hawker,Hawkes,Hawking,Hawkins,Hawks,Hawksley,Hawley,Hawthorne,Haycraft,Hayday,Hayles,Haynes,Hays,Hayter,Hayward,Hazelden,Head,Heaney,Hearnshaw,Heathcoat-Amory,Heathcote-Drummond-Willoughby,Heathfield,Hebb,Hely-Hutchinson,Henman,Henson,Henwood,Herle,Herring,Herrington,Hershey,Herson,Heseltine,Heslop-Harrison,Heston,Hewitt,Hewlett,Hewson,Heywood,Hickley,Hicks,Hiett,Higginbotham,Higham,Hightower,Hill,Hilton,Hines,Hinsley,Hinson,Hirst,Hitchcock,Hitchens,Hixon,Hobbes,Hobbs,Hobson,Hodges,Hodgkinson,Hodgson,Hodson,Hogarth,Holborn,Holcomb,Holder,Holdsworth,Holiday,Holliday,Holloway,Holyfield,Homewood,Hood,Hooker,Hoole,Hooley,Hooper,Hopkins,Hopkinson,Hopley,Hopper,Hopton,Horler,Horner,Horniman,Hornsby,Horton,Householder,Houseman,Howe,Howland,Hubbard,Huckabee,Hudspeth,Huff,Hulton-Sams,Hunt,Huntington,Huntington-Whiteley,Huntsman,Hurley,Hurst,Hutchinson,Huxtable,Hyde,Hyde-White,Hyland,Hylton,Iles,Ingersoll,Inglis,Inskip,Isley,Jacklin,Jackman,Jenner,Jennings,Jent,Jessop,Jex-Blake,Jinkins,Jinkinson,Jinks,Johns,Jollee,Jolley,Joplin,Jowett,Joyner,Jury,Keach,Kearsley,Keate,Keen,Keers,Keeton,Keith-Lucas,Kellogg,Kells,Kemp-Welch,Kersey,Kershaw,Kesteven,Kettle,Kidd,Kimbro,Kirkland,Kitchen,Klayman,Knight,Knightley,Knott,Kovac,Kovacec,Kovacevic,Kovacevich,Kovach,Kovacic,Kovacich,Lamp,Lampkin,Lancaster,Langford,Langton,Lard,Larson,Laslett,Laster,Laughton,Lawrenson,Laws,Lawton,Lawyer,Leach,Learoyd,Leatherbarrow,Leatherwood,Ledford,Ledger,Lees-Milne,Leftwich,Legge-Bourke,Leggott,Leigh-Pemberton,Lerud,Lethbridge,Levinson,Liddell,Light,Lightner,Lillard,Lillycrop,Lillywhite,Lindley,Lineker,Linnell,Linney,Liston,Little,Lively,Livings,Lobell,Lock,Locke,Lockhart,Lockheart,Lockwood,Loder,Longstreet,Loomis,Loud,Lovejoy,Lovely,Loveridge,Lovett,Loving,Low,Lowcock,Lowson,Ludington,Ludlam,Lum,Lusher,Lympany,Lyon-Dalberg-Acton,MacAndrew,MacInnes,Mackereth,MacLachlan,MacLeod,Macrozonaris,Maddon,Maddux,Madgwick,Maggart,Maggs,Maidman,Maidment,Makepeace,Makins,Mallinson,Maltby,Mandeville,Manly,Manning,Mapp,Marchbank,Marchment,Marginson,Marlow,Marnham,Marris,Marsden,Marsh,Marson,Marston,Masland,Massengill,Massey,Masters,Masterson,Matheny,Mathews,Matkin,Matthews,Mattingly,Mayberry,Mayes,Mayhem,McAuley,McCain,McCann,McCloud,McHugh,McKeown,McMillan,McMorrow,McNair-Wilson,McSorley,Meadows,Medford,Medlen,Medlin,Medwin,Melton,Mendenhall,Mercer,Merchant,Merrifield,Merriman,Merrington,Michelmore,Middleton,Midgley,Midwinter,Mileham,Miller,Millington,Mills,Milner,Milnes,Minchin,Minogue,Minter,Mitchison,Moat,Modesitt,Mollison,Monk,Monsell,Moore-Bick,Moorhouse,Morehouse,Morey,Morrison,Mosley,Mossman,Mote,Mott,Moultrie,Muggeridge,Mullen,Mullies,Mummery,Munson,Murnan,Murrills,Mursell,Naegle,Naismith,Neagle,Neeve,Neilson,Nethersole,Netter,Nettles,New,Newbold,Newcomen,Newdigate,Newell,Newey,Newhouse,Newman,Newnham,Newport,Niccol,Nicholl,Nicholls,Nicholson,Nickson,Nicolson,Nielson,Nightingale,Nix,Noakes,Norrington,Northcutt,Northmore,Northrop,Noyce,Noyes,Nuttall,Nutter,O'Connor,O'Dell,Oldfather,Omohundro,Orme,Orpen,Orr,Orthel,Orton,Othen,Ottley,Oughtred,Overstreet,Overton,Oxley,Oxspring,Paddison,Painter,Palfrey,Palmerston,Palmer-Tomkinson,Pancake,Pankey,Parham,Parkes,Parks,Parnell,Parrish,Parrot,Parrott,Parson,Parsons,Pateman,Patten,Paulson,Payne,Peabody,Peacock,Pearson,Pegler,Pelham-Clinton,Pelham-Clinton-Hope,Pelham-Holles,Pemberton,Penfold,Pengelley,Penington,Pennington,Perch,Perkin,Perkins,Perks,Perrett,Pertwee,Peterson,Pettigrew,Pettit,Pettitt,Petty,Petty-Fitzmaurice,Peyton-Jones,Phelps,Phillipps,Phillips,Phipson,Pickett,Pidgeon,Pierson,Pigot,Pigott,Pike,Pilgrim,Pilkington,Pinches,Pinnington,Pipes,Pippen,Piston,Pitt,Pittman,Pitt-Rivers,Place,Platt,Plumb,Plummer,Poe,Poindexter,Pointon,Polley,Pollock,Pontifex,Ponting,Poore,Pope,Popham,Postlethwaite,Potter,Powers,Powlesland,Poynter,Pratt,Prescott,Priestley,Prime,Proby,Proudfoot,Provisor,Pryor,Pun,Punter,Purton,Purves,Putnam,Pye,Pynchon,Pyne,Qualls,Quantrill,Quarrie,Quelch,Quill,Quimby,Quinnett,Rackham,Rainsford,Ranford,Rathbone,Ratliff,Raulerson,Ravenscroft,Rawlings,Rawlins,Raycroft,Rayment,Raynor,Reader,Reading,Record,Redding,Reddy,Redshaw,Reeve,Reeves,Rendell,Renshaw,Reston,Revie,Reynolds,Rhodes,Richards,Richardson,Richman,Richmond,Rickwood,Rider,Ridgeway,Ridgway,Ridings,Rigg,Riggs,Rimmer,Rivers,Rixon,Robertshaw,Robertson,Robinson,Robison,Robshaw,Robson,Rodgers,Rodham,Rogers,Rollings,Rollins,Rolt,Romeril,Romney,Roughead,Round,Roundell,Rouse,Rowbotham,Rowell,Rowlandson,Rowlings,Rudd,Rudner,Ruggles-Brise,Runcie,Rundle,Rush,Rushforth,Rye,Sadler,Salmons,Saltman,Sammon,Sammons,Samuels,Sanderson,Sandridge,Sands,Sargent,Sargood,Satterly,Savage,Saville-Kent,Saxby,Sayles,Scoggins,Scriver,Scrubb,Scruton,Seacole,Seals,Seaver,Seedsman,Sergeant,Sexton,Seymour-Conway,Shakespeare,Shankland,Sharp,Sharrock,Shave,Shawcross,Shear,Shepard,Shepherd-Barron,Shipton,Shipway,Shoemaker,Shown,Shuttleworth,Sibley,Sickler,Simmonds,Simpson,Skillern,Skilling,Skinner,Slater,Slaughter,Sleeman,Slocumb,Smallman,Smedley,Smedley-Aston,Smithers,Smithies,Smithson,Snowden,Spackman,Spain,Spalding,Sparks,Spaulding,Speakes,Speke,Spence,Spencer-Churchill,Spencer-Nairn,Spencer-Smith,Spicer,Spittle,Spooner,Spratt,Squire,Squires,Sr.,Stackhouse,Staggers,Staley,Stallworth,Stallybrass,Stanbury,Standing,Stanfield,Stanness,Stansfeld,Stanton,Starkey,Starks,Statham,Staunton,Stebbins,Steed,Steele,Stephens,Stephenson,Stepney,Stetson,Stevenson,Stobart,Stockton,Stoddard,Stonehouse,Stookey,Street,Strefling,Strevens,Strong,Stroud,Stuckey,Sturgeon,Sturridge,Stuttaford,Styles,Sugrue,Summerfield,Sumner,Swaine,Swales,Swallow,Sweet,Sweetman,Swift,Swinburne,Swinnerton,Swinton,Sykes,Tabisel,Taft,Tailor,Tarbell,Tashian,Tasker,Taylor-Johnson,Tazewell,Teachenor,Teagarden,Tebbutt,Tetlow,Tewksbury,Thackeray,Thew,Thompson,Thomson,Thorgerson,Thorne,Thornhill,Thorpe,Thrasher,Thring,Thruston,Thwaite,Tibbets,Tibbett,Tibbetts,Tickner,Ticknor,Tidwell,Tidy,Tillard,Tilley,Tilney,Timlin,Timmins,Tindle,Tinker,Tinling,Tinworth,Tipton,Tirrell,Tittle,Tolbert,Toller,Tolman,Tomlinson,Tompson,Tomson,Tonge,Toogood,Tooke,Toolson,Topping,Tovey,Tow,Towe,Townsend,Tozer,Trask,Traynor,Treadville,Trevathan,Trimble,Triplett,Trippier,Tritton,Trollope,Trotman,Trout,Troutman,Trull,Truss,Tubb,Tubbs,Tuckman,Tuff,Tupper,Turnbull,Turville-Petre,Tuson,Tutin,Tuttle,Twellman,Twyman,Tylecote,Tyndale,Tyndall,Tyrwhitt,Tyrwhitt-Drake,Underhill,Upchurch,Updike,Upshaw,Urie,Vachell,Vail,Vann,Vaughan-Lee,Veal,Venables,Venables-Vernon,Venables-Vernon-Harcourt,Verey,Vernon-Harcourt,Verrill,Vickers,Vinovich,Virgo,Waddilove,Wadding,Waddington,Wadeson,Wadsworth,Waide,Wainwright,Wakeham,Wakeling,Walden,Wale,Wales,Wallage,Waller-Bridge,Wallman,Walpole,Walters,Warboys,Warnock,Wasson,Waterfield,Waterhouse,Waters,Watkin,Watkins,Watkinson,Watrous,Watt,Watters,Watts,Waugh,Way,Weatherwax,Webb,Webber,Weed,Weeks,Wellington,Wells,Welsh,Wenham,Wentworth,Wesson,Westgate,Westmoreland,Wewitzer,Wharton,Wheatley,Wheeler,Wheelwright,Whibley,White,Whiteford,Whitelaw,Whiteside,Whitesides,Whiteway,Whittaker,Whittemore,Whittington,Whitworth,Whybrow,Whyte,Wickens,Wicks,Wightman,Wilcox,Wilde,Wilder,Wilderspin,Willett,Willey,Williams,Williamson,Wilmut,Wimshurst,Winchester,Windeatt,Winder,Windle,Windsor,Windsor-Clive,Winkles,Winslade,Winslet,Winterburn,Wise,Witherspoon,Withrow,Wolseley,Wonderland,Woodard,Woodcock,Woodger,Woods,Woodson,Woodville,Woodward,Wool,Woolf,Woolley,Woosley,Worboys,Wordsworth,Workman,Worman,Wornum,Worrall,Worrell,Wotherspoon,Wray,Wright-Phillips,Wrightsman,Wrigley,Wyman,Wyndham,Yarborough,Yates,Yeabsley,Yeager,Yelling,Yerburgh,Yoe,Yonge,Youngman,Yount,Yung,Zeal,Zieff
Aaron,Abel,Abraham,Abram,Adam,Adolph,Adrian,Alan,Alastair,Albert,Alex,Alexander,Alexis,Alf,Alfie,Alfred,Algernon,Alistair,Alister,Allan,Allen,Allyn,Alvin,Ambrose,Andrew,Andy,Angus,Anthony,Anton,Antony,Archibald,Ariel,Arnold,Arthur,Ashley,Ashton,Aubrey,August,Augustus,Aylmer,Baldwin,Barnaby,Barney,Barry,Bartholomew,Basil,Ben,Benedict,Benjamin,Bernard,Bert,Bertrand,Bill,Billy,Bob,Bobby,Brad,Bradford,Bradley,Brandon,Brendan,Brendon,Brent,Brett,Brian,Bruce,Bruno,Bryan,Byron,Calvin,Cameron,Carey,Carl,Carol,Casey,Cecil,Cedric,Chad,Charles,Charlie,Chester,Chris,Christian,Christopher,Clarence,Clark,Cliff,Clifford,Clifton,Clive,Clyde,Cody,Colin,Conrad,Constant,Cornelius,Cory,Craig,Curtis,Cyril,Cyrus,Dale,Damian,Damon,Dan,Daniel,Danny,Darius,Darrell,Darren,Darryl,Daryl,Dave,David,Dean,Denis,Dennis,Derek,Derick,Derrick,Deryck,Desmond,Dexter,Dick,Dolph,Dom,Dominic,Don,Donald,Douglas,Drew,Dudley,Duke,Duncan,Dustin,Dwayne,Eamon,Earl,Eddie,Eddy,Eden,Edgar,Edmund,Edward,Edwin,Egbert,Eldred,Elias,Elijah,Elliot,Elliott,Ellis,Elmer,Elton,Elvis,Emery,Emmanuel,Enoch,Eric,Ernest,Ethan,Ethelbert,Eugene,Evan,Ewen,Fabian,Felix,Ferdinand,Francis,Frank,Franklin,Fred,Freddie,Frederick,Gabriel,Gary,Gene,Geoff,Geoffrey,George,Gerald,Gerard,Gerry,Gideon,Gil,Gilbert,Giles,Glen,Glenn,Godfrey,Godwin,Gordon,Graham,Grantley,Greg,Gregory,Gus,Guy,Hadley,Hamilton,Harold,Harrison,Harry,Harvey,Hayden,Hector,Henry,Herbert,Herman,Hilary,Horace,Horatio,Howard,Hubert,Hugh,Hugo,Humphrey,Ian,Irvine,Irving,Isaac,Ivan,Jack,Jackie,Jackson,Jacob,Jairus,Jake,James,Jamie,Jared,Jason,Jasper,Jeff,Jeffery,Jeffrey,Jeremiah,Jeremy,Jerome,Jerry,Jesse,Jim,Jimmie,Jimmy,Jocelyn,Joel,John,Johnny,Jon,Jonas,Jonathan,Jordan,Joseph,Josh,Joshua,Josiah,Jude,Julian,Justin,Keith,Kenneth,Kent,Kevin,Kim,Kyle,Landon,Laurence,Lawrence,Lee,Leo,Leon,Leonard,Leslie,Lester,Levi,Lewis,Lex,Liam,Lindsay,Lindsey,Linus,Lionel,Lloyd,Lonnie,Louis,Lucas,Lucian,Luke,Luther,Malcolm,Manuel,Marcus,Mark,Martin,Marty,Marvin,Mathew,Matthew,Maurice,Max,Maximilian,Maynard,Melvin,Meredith,Michael,Mick,Mickey,Micky,Mike,Miles,Mitchell,Montague,Morgan,Morris,Moses,Myles,Nate,Nathan,Nathaniel,Neil,Nicholas,Nick,Nicolas,Nigel,Noah,Noel,Norman,Oliver,Oscar,Oswald,Othniel,Owen,Pascal,Pat,Patrick,Paul,Perceval,Percival,Percy,Peter,Phil,Philander,Philip,Phillip,Quentin,Quincy,Rafe,Ralph,Randall,Randolf,Randolph,Randy,Raphael,Ray,Raymond,Reginald,Rex,Reynold,Richard,Rick,Ricky,Rob,Robert,Robin,Roderick,Rodger,Rodney,Roger,Roland,Roman,Ronald,Ronnie,Rowland,Roy,Rufus,Rupert,Russel,Russell,Sam,Sammy,Samuel,Sandy,Scott,Sebastian,Shaun,Sidney,Silas,Silvester,Simeon,Simon,Solomon,Spencer,Stanley,Stephen,Steve,Steven,Stevie,Stewart,Stuart,Sylvester,Ted,Teddy,Terence,Terrence,Terry,Thaddeus,Theodore,Theodoric,Thom,Thomas,Tim,Timothy,Tobias,Toby,Tom,Tommy,Tony,Tracy,Travis,Trevor,Tristan,Ulysses,Valentine,Victor,Vince,Vincent,Virgil,Vivian,Wallace,Walt,Walter,Warren,Wesley,Wilfred,William,Winston,Zachariah,Zachary,Zechariah
Abbie,Abigail,Ada,Adela,Adelaide,Adele,Adeline,Agatha,Agnes,Aileen,Aimee,Alana,Alberta,Alexandra,Alexia,Alice,Alicia,Alison,Allyn,Alma,Amanda,Amber,Amelia,Amy,Ana,Anastasia,Andrea,Angela,Angelia,Angelica,Angelina,Anita,Ann,Anna,Annabel,Annabella,Annabelle,Anne,Annie,Anthonia,Antonia,April,Arabella,Ariel,Arlene,Ashley,Audrey,Augusta,Aurelia,Averil,Avril,Barbara,Beatrice,Beatrix,Becky,Belinda,Bella,Bertha,Bethany,Betty,Beverley,Beverly,Blythe,Bonnie,Brenda,Brianna,Bridget,Britney,Brittany,Calista,Cameron,Camilla,Carey,Carla,Carlie,Carol,Carolina,Caroline,Carolyn,Casey,Cassie,Catherine,Cecilia,Cecily,Celeste,Charlie,Charlotte,Chelsea,Cherie,Cherry,Cheryl,Chloe,Christiana,Christina,Christine,Cindy,Claire,Clara,Clarice,Clarissa,Claudia,Clementine,Colleen,Connie,Constance,Cordelia,Corinna,Corrie,Courtney,Crystal,Cyndy,Cynthia,Dahlia,Daisy,Dana,Danielle,Daphne,Darcey,Darcy,Darla,Darleen,Darlene,Deanna,Debbie,Deborah,Debra,Deirdre,Delia,Denise,Diana,Diane,Dianne,Dolly,Dolores,Donna,Dora,Doreen,Doris,Dorothea,Dorothy,Dulcie,Earlene,Eden,Edith,Edythe,Eileen,Elaine,Eleanor,Eleanora,Elinor,Elisabeth,Eliza,Elizabeth,Ella,Ellen,Ellie,Eloise,Elsie,Emilia,Emily,Emma,Emmeline,Emmy,Enola,Erica,Erika,Erin,Esmeralda,Estelle,Esther,Ethel,Eugenie,Eunice,Euphemia,Eva,Evangeline,Eve,Evelyn,Evie,Fannie,Felicia,Fiona,Flora,Florence,Frances,Frederica,Gabriella,Gail,Gemma,Genevieve,Georgia,Georgiana,Georgina,Geraldine,Gerry,Gertrude,Gillian,Ginger,Gladys,Glenda,Gloria,Gloriana,Grace,Greta,Gwyneth,Hanna,Hannah,Harriet,Harriette,Hazel,Heather,Helen,Helena,Heloise,Henrietta,Hermione,Hester,Hilary,Hilda,Hillary,Holly,Irene,Iris,Isabel,Isadora,Ivy,Jackie,Jacqueline,Jade,Jaime,Jamie,Jane,Janet,Janice,Janie,Jasmin,Jasmine,Jean,Jeanette,Jeannie,Jenna,Jennie,Jennifer,Jenny,Jessica,Jessie,Joan,Joann,Joanna,Joanne,Jocelyn,Jodie,Jody,Johanna,Jordan,Josephine,Joyce,Judith,Judy,Julia,Juliana,Julianne,Julie,Juliet,Juliette,June,Justina,Justine,Karen,Karly,Kate,Katherine,Kathleen,Kathryn,Kathy,Katie,Katrina,Kay,Kaylee,Kayleigh,Keeley,Kelly,Kim,Kimberly,Kitty,Kristin,Kyla,Laila,Lana,Lara,Laura,Laurel,Lauren,Laurie,Layla,Leah,Leila,Leonora,Leslie,Leyla,Libby,Lila,Lillian,Lily,Linda,Lindsay,Lindsey,Lisa,Lola,Loretta,Lorna,Lottie,Louisa,Louise,Lucia,Lucille,Lucinda,Lucy,Lydia,Lyla,Lynette,Mabel,Madeleine,Madeline,Madelyn,Maisie,Malvina,Marcia,Margaret,Margery,Margot,Maria,Mariah,Marian,Marianne,Marie,Marilyn,Marion,Marjorie,Marlene,Martha,Martina,Mary,Mathilda,Matilda,Maureen,Mavis,Maxine,May,Melanie,Melinda,Melissa,Melody,Mercedes,Mercy,Meredith,Mia,Michaela,Michele,Michelle,Mildred,Mina,Minnie,Mirabel,Mirabelle,Miranda,Miriam,Moira,Mollie,Molly,Monica,Monique,Morgan,Muriel,Myra,Nadia,Nadine,Nancy,Naomi,Natalia,Natalie,Nell,Nellie,Nelly,Nichola,Nichole,Nicola,Nicole,Nina,Noelle,Nora,Noreen,Norma,Olive,Olivia,Ophelia,Oriana,Pamela,Pansy,Pat,Patrice,Patricia,Patsy,Patty,Paula,Paulina,Pauline,Pearl,Penelope,Philippa,Phoebe,Phyllis,Polly,Priscilla,Rachel,Ramona,Rebecca,Regina,Rita,Roberta,Robin,Romy,Rosa,Rosanne,Rose,Rosemary,Rosie,Ruby,Ruth,Sabrina,Sadie,Sally,Sam,Samantha,Sandra,Sandy,Sara,Sarah,Savannah,Scarlett,Selina,Selma,Seraphina,Serena,Shannon,Sharon,Shauna,Sheila,Sherry,Shirley,Sibyl,Sidney,Sonia,Sophia,Sophie,Stacy,Stella,Stephanie,Susan,Susanna,Susie,Sybil,Sylvia,Tabatha,Tabitha,Tamara,Tammy,Tara,Terry,Thelma,Theodora,Theresa,Tiffany,Tina,Tracy,Ursula,Valerie,Vanessa,Vera,Veronica,Victoria,Viola,Violet,Virginia,Vivian,Vivienne,Wanda,Wendy,Wilhelmina,Yolanda,Yvette,Yvonne,Zara,Zoe